City_ID,City,Country,Date,Lat,Lng,Max Temp,Humidity,Cloudiness,Wind Speed
0,Zhigansk,RU,2021-01-30 17:00:04,66.7697,123.3711,-47.2,75,96,4.07
1,Ushuaia,AR,2021-01-30 16:58:14,-54.8,-68.3,51.8,62,20,27.63
2,Mataura,NZ,2021-01-30 17:00:06,-46.1927,168.8643,48.0,80,50,8.01
3,Albany,US,2021-01-30 16:58:13,42.6001,-73.9662,16.0,51,0,1.99
4,Westport,US,2021-01-30 17:00:07,41.1415,-73.3579,24.01,42,1,16.11
5,Jamestown,US,2021-01-30 17:00:09,42.097,-79.2353,25.0,86,90,4.9
6,Hermanus,ZA,2021-01-30 17:00:10,-34.4187,19.2345,73.0,74,0,7.0
7,Awjilah,LY,2021-01-30 17:00:10,29.1081,21.2869,66.51,33,0,9.35
8,Norman Wells,CA,2021-01-30 16:55:19,65.282,-126.8329,-27.4,75,75,1.7
9,Panama City,PA,2021-01-30 16:56:49,8.9936,-79.5197,89.6,54,20,9.22
10,Carnarvon,AU,2021-01-30 17:00:11,-24.8667,113.6333,84.2,58,30,6.91
11,Bredasdorp,ZA,2021-01-30 17:00:11,-34.5322,20.0403,73.0,74,0,7.0
12,Srednekolymsk,RU,2021-01-30 17:00:12,67.45,153.6833,-40.7,81,65,2.17
13,Bluff,NZ,2021-01-30 17:00:12,-46.6,168.3333,48.0,80,59,8.01
14,Atuona,PF,2021-01-30 17:00:13,-9.8,-139.0333,78.44,77,38,17.0
15,Ngunguru,NZ,2021-01-30 17:00:13,-35.6167,174.5,54.0,92,0,5.01
16,Severo-Kurilsk,RU,2021-01-30 17:00:13,50.6789,156.125,23.54,96,100,29.64
17,Lebu,CL,2021-01-30 17:00:14,-37.6167,-73.65,62.31,70,4,9.33
18,Kodiak,US,2021-01-30 17:00:14,57.79,-152.4072,32.0,55,1,20.71
19,Kalabo,ZM,2021-01-30 17:00:15,-14.97,22.6814,75.56,77,77,4.54
20,Hilo,US,2021-01-30 17:00:15,19.7297,-155.09,66.2,94,90,5.68
21,Lata,PT,2021-01-30 17:00:16,40.1629,-8.3327,55.99,84,85,5.99
22,Barrow,US,2021-01-30 17:00:16,71.2906,-156.7887,-7.6,77,90,9.22
23,Khatanga,RU,2021-01-30 17:00:16,71.9667,102.5,-45.35,77,4,1.59
24,Kinango,KE,2021-01-30 17:00:17,-4.1372,39.3153,82.4,69,40,11.5
25,Wanaka,NZ,2021-01-30 16:59:29,-44.7,169.15,48.16,69,3,4.63
26,Nyimba,ZM,2021-01-30 17:00:17,-14.5566,30.8149,73.36,93,90,2.39
27,Busselton,AU,2021-01-30 17:00:17,-33.65,115.3333,69.01,62,0,1.99
28,Alofi,NU,2021-01-30 17:00:17,-19.0595,-169.9187,75.2,100,100,6.91
29,Steamboat Springs,US,2021-01-30 16:56:35,40.485,-106.8317,30.99,100,90,8.05
30,New Norfolk,AU,2021-01-30 17:00:17,-42.7826,147.0587,53.01,82,7,2.53
31,Buckeye,US,2021-01-30 16:57:48,33.3703,-112.5838,52.0,81,0,1.99
32,Lagoa,PT,2021-01-30 17:00:17,39.05,-27.9833,62.37,90,8,31.09
33,Avarua,CK,2021-01-30 17:00:18,-21.2078,-159.775,75.2,94,98,1.14
34,Natal,BR,2021-01-30 17:00:18,-5.795,-35.2094,87.8,62,40,17.27
35,Likasi,CD,2021-01-30 17:00:18,-10.9814,26.7333,66.87,92,100,0.92
36,Vilyuysk,RU,2021-01-30 17:00:18,63.7553,121.6247,-45.74,78,100,3.51
37,Cordoba,AR,2021-01-30 17:00:19,-31.4135,-64.1811,66.99,88,90,17.27
38,Qaanaaq,GL,2021-01-30 17:00:19,77.484,-69.3632,-5.24,72,99,1.83
39,Riyadh,SA,2021-01-30 17:00:19,24.6877,46.7219,64.4,29,0,8.05
40,Palmer,US,2021-01-30 17:00:19,42.1584,-72.3287,19.99,45,20,8.05
41,Kimbe,PG,2021-01-30 17:00:19,-5.5502,150.1429,77.92,87,93,4.7
42,Punta Arenas,CL,2021-01-30 16:59:21,-53.15,-70.9167,55.4,50,75,25.32
43,Santa Isabel Do Rio Negro,BR,2021-01-30 17:00:20,-0.4139,-65.0192,91.99,49,53,6.44
44,Qaqortoq,GL,2021-01-30 16:55:42,60.7167,-46.0333,41.0,28,90,35.68
45,Bandarbeyla,SO,2021-01-30 17:00:20,9.4942,50.8122,75.02,71,0,14.38
46,Beberibe,BR,2021-01-30 17:00:20,-4.1797,-38.1306,86.0,66,20,19.57
47,Narasannapeta,IN,2021-01-30 17:00:20,18.4167,84.05,72.55,77,1,1.19
48,Nanortalik,GL,2021-01-30 17:00:20,60.1432,-45.2371,36.12,77,100,16.73
49,Rikitea,PF,2021-01-30 16:55:43,-23.1203,-134.9692,79.07,74,74,10.8
50,Gat,IL,2021-01-30 16:59:01,31.61,34.7642,55.99,56,0,1.01
51,Saskylakh,RU,2021-01-30 17:00:21,71.9167,114.0833,-38.56,78,35,7.99
52,Ballina,AU,2021-01-30 16:58:57,-28.8667,153.5667,73.4,88,75,3.02
53,Arraial Do Cabo,BR,2021-01-30 17:00:06,-22.9661,-42.0278,93.2,43,0,23.02
54,Sitka,US,2021-01-30 17:00:21,57.0531,-135.33,37.4,60,75,9.22
55,Coahuayana,MX,2021-01-30 17:00:21,18.7333,-103.6833,78.8,50,1,3.94
56,Henties Bay,NA,2021-01-30 17:00:21,-22.116,14.2845,70.0,81,33,1.99
57,Mekhe,SN,2021-01-30 17:00:22,15.1097,-16.6218,100.4,16,0,4.61
58,Katima Mulilo,NA,2021-01-30 16:58:06,-17.5,24.2667,75.33,72,73,2.26
59,Saky,UA,2021-01-30 17:00:23,45.1356,33.6031,48.0,45,97,4.0
60,Lavrentiya,RU,2021-01-30 17:00:23,65.5833,-171.0,-19.25,83,0,6.73
61,Gladstone,AU,2021-01-30 17:00:23,-23.85,151.25,75.2,78,40,8.05
62,Altus,US,2021-01-30 17:00:23,34.6381,-99.334,57.2,38,1,28.77
63,Oktyabrskiy,RU,2021-01-30 17:00:23,54.4815,53.471,24.69,96,100,10.22
64,Manta,EC,2021-01-30 17:00:23,-0.95,-80.7333,78.8,89,90,9.4
65,Dikson,RU,2021-01-30 17:00:24,73.5069,80.5464,-35.57,82,29,9.35
66,Cape Town,ZA,2021-01-30 16:59:16,-33.9258,18.4232,78.8,47,20,11.5
67,Swan River,CA,2021-01-30 17:00:24,52.1058,-101.2676,14.0,92,100,1.14
68,Yellowknife,CA,2021-01-30 17:00:24,62.456,-114.3525,-17.0,76,40,5.75
69,Hobart,AU,2021-01-30 17:00:04,-42.8794,147.3294,54.0,81,40,4.61
70,Shwebo,MM,2021-01-30 17:00:24,22.5667,95.7,67.51,50,1,7.02
71,Castro,BR,2021-01-30 16:59:20,-24.7911,-50.0119,72.63,86,90,5.97
72,Sur,OM,2021-01-30 17:00:25,22.5667,59.5289,67.6,57,0,9.82
73,Thompson,CA,2021-01-30 16:59:45,55.7435,-97.8558,10.4,92,90,2.3
74,Jeremie,HT,2021-01-30 17:00:25,18.65,-74.1167,76.6,72,59,13.18
75,Jining,CN,2021-01-30 16:58:11,35.405,116.5814,41.67,61,86,7.25
76,Safaga,EG,2021-01-30 17:00:25,26.7292,33.9365,66.2,39,0,1.01
77,Asau,RO,2021-01-30 17:00:26,46.4333,26.4,41.0,70,0,6.91
78,Sao Joao Da Barra,BR,2021-01-30 17:00:26,-21.6403,-41.0511,89.6,40,0,16.11
79,Ouango,CF,2021-01-30 17:00:26,4.3133,22.5552,86.02,20,15,2.77
80,Helena,US,2021-01-30 16:58:10,46.5927,-112.0361,35.6,64,1,9.22
81,Auki,SB,2021-01-30 17:00:26,-8.7676,160.7034,79.3,85,98,10.0
82,Sorland,NO,2021-01-30 17:00:27,67.667,12.6934,30.92,92,11,8.52
83,Cabo San Lucas,MX,2021-01-30 17:00:00,22.8909,-109.9124,73.0,68,1,2.13
84,Codrington,AU,2021-01-30 17:00:27,-38.2667,141.9667,55.89,81,20,4.72
85,Cortes,ES,2021-01-30 17:00:27,41.9395,-1.4396,59.0,62,75,21.85
86,Abriaqui,CO,2021-01-30 17:00:27,6.6315,-76.0644,73.31,54,89,1.32
87,Salalah,OM,2021-01-30 17:00:27,17.0151,54.0924,73.4,56,20,3.44
88,Kurchum,KZ,2021-01-30 17:00:27,48.5722,83.6542,-6.07,91,12,1.41
89,Kapit,MY,2021-01-30 17:00:28,2.0167,112.9333,74.34,95,100,0.92
90,Ocos,GT,2021-01-30 17:00:28,14.5094,-92.1933,84.2,65,1,7.2
91,Mahibadhoo,MV,2021-01-30 17:00:28,3.7833,72.9667,81.25,74,0,11.68
92,Tuatapere,NZ,2021-01-30 17:00:28,-46.1333,167.6833,48.0,80,69,8.01
93,Shimanovsk,RU,2021-01-30 17:00:28,52.0,127.7,-29.9,84,0,2.95
94,Wang Saphung,TH,2021-01-30 17:00:29,17.301,101.7685,67.62,64,0,1.7
95,Vaini,TO,2021-01-30 17:00:29,-21.2,-175.2,73.4,94,90,4.61
96,Provideniya,RU,2021-01-30 17:00:29,64.3833,-173.3,-11.69,83,61,6.85
97,Kapaa,US,2021-01-30 17:00:29,22.0752,-159.319,71.6,88,40,14.97
98,Tasiilaq,GL,2021-01-30 17:00:29,65.6145,-37.6368,15.8,41,75,17.27
99,Suchedniow,PL,2021-01-30 17:00:29,51.0478,20.8292,28.0,83,95,7.49
100,Guarda,PT,2021-01-30 17:00:29,40.5373,-7.2658,48.99,90,98,8.01
101,Chokurdakh,RU,2021-01-30 17:00:29,70.6333,147.9167,-28.93,85,3,7.11
102,Klaksvik,FO,2021-01-30 17:00:30,62.2266,-6.589,35.6,93,75,2.3
103,Hervey Bay,AU,2021-01-30 16:55:55,-25.2986,152.8535,72.0,84,4,4.0
104,Lafia,NG,2021-01-30 17:00:30,8.4833,8.5167,93.43,11,7,1.19
105,Caravelas,BR,2021-01-30 17:00:30,-17.7125,-39.2481,85.01,53,6,9.28
106,Griffith,US,2021-01-30 16:57:20,41.5284,-87.4237,32.0,59,90,16.11
107,Alice Springs,AU,2021-01-30 17:00:30,-23.7,133.8833,86.0,32,52,12.66
108,Ust-Maya,RU,2021-01-30 17:00:31,60.4167,134.5333,-39.05,80,100,0.65
109,Saint-Augustin,CA,2021-01-30 17:00:31,51.226,-58.6502,29.59,93,22,15.12
110,Husavik,IS,2021-01-30 16:55:49,66.0449,-17.3389,21.2,68,75,9.22
111,Nago,JP,2021-01-30 17:00:31,26.5881,127.9761,59.0,81,1,5.75
112,Chapais,CA,2021-01-30 17:00:31,49.7834,-74.8492,-4.0,77,90,8.05
113,Kahului,US,2021-01-30 17:00:31,20.8947,-156.47,66.99,94,40,13.8
114,Bambui,BR,2021-01-30 17:00:32,-20.0064,-45.9769,85.08,50,87,4.45
115,Georgetown,MY,2021-01-30 17:00:20,5.4112,100.3354,80.6,83,20,3.44
116,Moose Factory,CA,2021-01-30 17:00:32,51.2585,-80.6094,-0.4,84,90,2.06
117,Bukachacha,RU,2021-01-30 17:00:33,52.9833,116.9167,-21.33,84,100,1.77
118,Hasaki,JP,2021-01-30 17:00:33,35.7333,140.8333,26.6,80,20,14.41
119,Belyy Yar,RU,2021-01-30 17:00:33,53.6039,91.3903,-14.8,70,0,8.95
120,Isangel,VU,2021-01-30 17:00:33,-19.55,169.2667,76.17,78,7,9.28
121,Hovd,MN,2021-01-30 17:00:33,48.0056,91.6419,12.13,81,0,1.32
122,Cusuna,HN,2021-01-30 17:00:33,15.85,-85.2333,78.94,74,50,8.55
123,Upernavik,GL,2021-01-30 17:00:33,72.7868,-56.1549,-9.78,86,2,7.78
124,Pontes E Lacerda,BR,2021-01-30 17:00:33,-15.2261,-59.3353,88.3,57,25,6.69
125,Longyearbyen,SJ,2021-01-30 17:00:34,78.2186,15.6401,-2.2,50,20,21.85
126,Saint-Pierre,RE,2021-01-30 17:00:34,-21.3393,55.4781,80.6,69,0,4.61
127,Berlevag,NO,2021-01-30 17:00:34,70.8578,29.0864,25.77,96,100,23.53
128,Yushu,CN,2021-01-30 17:00:34,44.8,126.5333,-18.0,88,0,4.59
129,San Patricio,US,2021-01-30 17:00:35,28.017,-97.5169,77.0,73,75,32.21
130,Souillac,MU,2021-01-30 17:00:35,-20.5167,57.5167,78.8,83,75,6.91
131,Wani,IN,2021-01-30 17:00:35,20.0667,78.95,71.08,39,0,4.09
132,Bamora,IN,2021-01-30 17:00:35,24.0552,78.0909,54.7,37,0,3.27
133,Klichka,RU,2021-01-30 17:00:36,50.4457,117.996,-25.78,87,100,2.21
134,Cienaga,CO,2021-01-30 17:00:36,11.007,-74.2476,91.0,58,0,20.71
135,Port Elizabeth,ZA,2021-01-30 17:00:36,-33.918,25.5701,71.6,73,0,12.66
136,Khrebtovaya,RU,2021-01-30 17:00:37,56.7032,104.2494,-40.11,82,20,4.94
137,Vila Franca Do Campo,PT,2021-01-30 17:00:37,37.7167,-25.4333,64.99,94,75,14.97
138,Innisfail,AU,2021-01-30 17:00:37,-17.5333,146.0333,73.85,88,100,5.41
139,Port-Gentil,GA,2021-01-30 17:00:38,-0.7193,8.7815,86.0,74,40,10.36
140,Juneau,US,2021-01-30 17:00:38,58.3019,-134.4197,30.0,86,75,3.44
141,Hithadhoo,MV,2021-01-30 17:00:38,-0.6,73.0833,82.89,75,78,13.2
142,Torbay,CA,2021-01-30 17:00:39,47.6666,-52.7314,30.99,86,90,18.41
143,Tuktoyaktuk,CA,2021-01-30 17:00:39,69.4541,-133.0374,-36.4,67,20,2.1
144,Awbari,LY,2021-01-30 17:00:40,26.5921,12.7805,61.72,31,0,4.83
145,Port Lincoln,AU,2021-01-30 16:56:33,-34.7333,135.8667,59.63,81,9,12.73
146,Tiksi,RU,2021-01-30 17:00:40,71.6872,128.8694,-26.36,86,100,5.57
147,Beringovskiy,RU,2021-01-30 17:00:40,63.05,179.3167,-12.86,89,100,14.94
148,Khani,GE,2021-01-30 17:00:40,41.9563,42.9566,42.8,87,0,10.36
149,Kabompo,ZM,2021-01-30 17:00:41,-13.5927,24.2008,70.3,87,90,1.72
150,Sao Sebastiao,BR,2021-01-30 16:58:18,-23.76,-45.4097,86.59,60,58,3.13
151,Pangnirtung,CA,2021-01-30 17:00:41,66.1451,-65.7125,-9.4,77,1,2.66
152,Dzhebariki-Khaya,RU,2021-01-30 17:00:41,62.2167,135.8,-50.28,75,69,1.05
153,Waipawa,NZ,2021-01-30 17:00:42,-41.4122,175.5153,51.8,87,56,3.44
154,Mehamn,NO,2021-01-30 17:00:42,71.0357,27.8492,26.04,97,100,22.15
155,Huarmey,PE,2021-01-30 16:56:40,-10.0681,-78.1522,77.04,60,92,12.06
156,Bethel,US,2021-01-30 16:58:51,41.3712,-73.414,21.0,49,1,8.05
157,Haines Junction,CA,2021-01-30 16:56:24,60.7522,-137.5108,-14.8,84,100,1.14
158,Laguna,US,2021-01-30 16:56:36,38.421,-121.4238,46.99,87,90,2.33
159,Port Hawkesbury,CA,2021-01-30 17:00:42,45.6169,-61.3485,30.0,68,90,17.27
160,East London,ZA,2021-01-30 17:00:43,-33.0153,27.9116,73.4,83,75,10.36
161,Baykit,RU,2021-01-30 17:00:43,61.67,96.37,-34.37,75,14,2.28
162,Powell River,CA,2021-01-30 17:00:43,49.8496,-124.5361,42.8,87,90,16.11
163,Victoria,HK,2021-01-30 16:58:01,22.2855,114.1577,62.01,77,1,1.01
164,Port Alfred,ZA,2021-01-30 17:00:44,-33.5906,26.891,71.01,84,0,1.01
165,Salisbury,GB,2021-01-30 17:00:44,51.0693,-1.7957,41.0,100,90,20.71
166,Vardo,NO,2021-01-30 17:00:44,70.3705,31.1107,28.4,93,75,25.32
167,Acarau,BR,2021-01-30 17:00:45,-2.8856,-40.12,87.13,60,74,19.08
168,San Cristobal,VE,2021-01-30 17:00:45,7.7669,-72.225,82.4,57,40,10.36
169,Narsaq,GL,2021-01-30 17:00:45,60.9167,-46.05,41.0,30,75,35.68
170,Mendi,PG,2021-01-30 17:00:46,-6.1761,143.6513,56.32,98,100,1.83
171,Roma,US,2021-01-30 16:56:05,43.2128,-75.4557,15.01,67,90,5.75
172,Kirakira,SB,2021-01-30 17:00:46,-10.4544,161.9205,77.81,86,100,7.0
173,Outjo,NA,2021-01-30 17:00:47,-20.1167,16.15,76.71,63,99,9.15
174,Lompoc,US,2021-01-30 17:00:47,34.6391,-120.4579,46.0,100,1,6.91
175,Dunedin,NZ,2021-01-30 17:00:47,-45.8742,170.5036,54.0,81,25,8.99
176,Mahebourg,MU,2021-01-30 17:00:48,-20.4081,57.7,78.8,83,75,6.91
177,Balabac,PH,2021-01-30 17:00:48,7.9868,117.0645,80.29,80,96,23.53
178,Lima,PE,2021-01-30 16:56:49,-12.0432,-77.0282,77.0,61,0,6.91
179,Amlame,TG,2021-01-30 17:00:48,7.4667,0.9,94.24,25,4,1.48
180,Mangochi,MW,2021-01-30 17:00:48,-14.4782,35.2645,75.6,86,93,5.01
181,Puerto Ayora,EC,2021-01-30 17:00:49,-0.7393,-90.3518,82.0,69,0,13.8
182,Emerald,AU,2021-01-30 17:00:49,-23.5333,148.1667,77.0,73,1,11.5
183,Pareora,NZ,2021-01-30 17:00:49,-44.4871,171.2132,50.0,88,0,7.34
184,Susangerd,IR,2021-01-30 17:00:49,31.5608,48.1831,57.2,51,0,4.61
185,Flinders,AU,2021-01-30 16:56:44,-34.5833,150.8552,73.0,87,51,5.01
186,Ribeira Grande,PT,2021-01-30 17:00:49,38.5167,-28.7,66.2,88,75,17.27
187,Rheda-Wiedenbruck,DE,2021-01-30 17:00:50,51.8497,8.3002,33.01,83,100,1.99
188,Rio Gallegos,AR,2021-01-30 17:00:50,-51.6226,-69.2181,62.6,34,75,18.41
189,Poum,NC,2021-01-30 17:00:50,-20.2333,164.0167,78.08,77,65,15.99
190,Mouzouras,GR,2021-01-30 17:00:51,35.5333,24.15,59.0,77,20,14.97
191,Ancud,CL,2021-01-30 17:00:51,-41.8697,-73.8203,64.4,52,0,6.91
192,Noumea,NC,2021-01-30 17:00:51,-22.2763,166.4572,68.0,83,0,9.64
193,Springville,US,2021-01-30 17:00:52,40.1652,-111.6107,37.0,80,75,5.75
194,Kutum,SD,2021-01-30 17:00:52,14.2,24.6667,66.16,23,0,11.63
195,Dakar,SN,2021-01-30 17:00:52,14.6937,-17.4441,78.8,41,0,11.5
196,Wattegama,LK,2021-01-30 17:00:53,6.7989,81.4808,74.23,88,97,4.56
197,Mahon,ES,2021-01-30 16:57:01,39.8885,4.2658,60.8,67,20,12.66
198,Nuuk,GL,2021-01-30 17:00:53,64.1835,-51.7216,23.0,73,20,8.05
199,Bambous Virieux,MU,2021-01-30 17:00:53,-20.3428,57.7575,80.01,83,75,6.91
200,Airai,TL,2021-01-30 17:00:53,-8.9266,125.4092,61.68,100,100,5.01
201,Fortuna,US,2021-01-30 17:00:53,40.5982,-124.1573,50.0,71,75,23.02
202,Leh,IN,2021-01-30 17:00:54,34.1667,77.5833,3.31,60,20,1.63
203,Samfya,ZM,2021-01-30 17:00:54,-11.3649,29.5565,70.84,80,97,3.6
204,Pucara,PE,2021-01-30 17:00:54,-15.9803,-71.4606,69.8,18,0,10.36
205,Porto Novo,BJ,2021-01-30 17:00:54,6.4965,2.6036,83.95,72,19,11.52
206,Bowmore,US,2021-01-30 17:00:55,34.9421,-79.3031,42.01,33,75,4.61
207,Mikkeli,FI,2021-01-30 17:00:55,61.6886,27.2723,25.0,93,90,2.3
208,Forio,IT,2021-01-30 17:00:55,40.7342,13.8646,55.99,83,51,1.01
209,Vostok,RU,2021-01-30 17:00:55,46.4856,135.8833,-18.76,88,100,3.62
210,Novyy Urengoy,RU,2021-01-30 16:56:47,66.0833,76.6333,-30.32,83,100,12.01
211,Belmonte,BR,2021-01-30 17:00:55,-15.8631,-38.8828,86.0,70,75,5.75
212,Touros,BR,2021-01-30 17:00:56,-5.1989,-35.4608,86.0,58,40,19.57
213,Grenada,ES,2021-01-30 17:00:56,37.1882,-3.6067,57.2,62,20,17.27
214,Marsabit,KE,2021-01-30 17:00:56,2.3284,37.9899,71.73,41,63,8.97
215,Nioro,GM,2021-01-30 17:00:57,13.35,-15.75,100.87,7,24,7.4
216,Sackville,CA,2021-01-30 17:00:57,45.9188,-64.3846,19.0,79,100,8.05
217,Beatrice,US,2021-01-30 17:00:57,40.2681,-96.747,39.99,93,1,4.61
218,Yarmouth,US,2021-01-30 17:00:57,41.7057,-70.2286,21.0,63,75,10.36
219,Nantucket,US,2021-01-30 17:00:57,41.2835,-70.0995,19.4,73,1,17.27
220,Nurota,UZ,2021-01-30 17:00:58,40.5614,65.6886,59.0,29,100,9.22
221,Obala,CM,2021-01-30 17:00:58,4.1667,11.5333,87.8,40,20,4.61
222,Adrar,MR,2021-01-30 17:00:58,20.5022,-10.0711,84.4,13,31,11.59
223,Los Llanos De Aridane,ES,2021-01-30 17:00:59,28.6585,-17.9182,68.0,68,75,14.97
224,Marsh Harbour,BS,2021-01-30 17:00:59,26.5412,-77.0636,65.62,60,53,11.56
225,Ambilobe,MG,2021-01-30 17:00:59,-13.2,49.05,75.92,90,80,1.41
226,Chernoyerkovskaya,RU,2021-01-30 17:00:59,45.4331,37.7686,44.6,65,20,11.18
227,Tual,ID,2021-01-30 17:00:59,-5.6667,132.75,83.37,74,100,10.07
228,Malartic,CA,2021-01-30 16:57:53,48.1335,-78.1328,-2.99,84,75,4.61
229,Livermore,US,2021-01-30 16:56:00,37.6819,-121.768,45.0,100,68,2.1
230,Aksu,CN,2021-01-30 17:00:59,41.1231,80.2644,21.54,79,0,1.59
231,Samarai,PG,2021-01-30 17:01:00,-10.6167,150.6667,82.63,75,100,16.4
232,Abhayapuri,IN,2021-01-30 17:01:00,26.3333,90.6667,59.81,34,0,2.8
233,Mar Del Plata,AR,2021-01-30 17:01:01,-38.0023,-57.5575,64.4,59,90,17.27
234,Fort Stewart,US,2021-01-30 17:01:01,31.8722,-81.61,57.99,50,1,11.5
235,Pevek,RU,2021-01-30 17:01:01,69.7008,170.3133,-32.48,85,44,3.8
236,Lorengau,PG,2021-01-30 17:01:01,-2.0226,147.2712,81.9,81,100,12.68
237,Fairbanks,US,2021-01-30 17:01:02,64.8378,-147.7164,-9.0,77,90,1.39
238,Smithers,CA,2021-01-30 17:01:02,54.7804,-127.1743,12.2,85,75,0.81
239,Karlskoga,SE,2021-01-30 17:01:02,59.3267,14.5239,16.0,86,30,5.75
240,Lasa,IT,2021-01-30 17:01:03,46.6166,10.7002,41.0,75,0,3.44
241,Tortoman,RO,2021-01-30 17:01:03,44.35,28.2167,37.4,93,100,17.27
242,Berbera,SO,2021-01-30 17:01:03,10.4396,45.0143,75.74,73,29,8.28
243,Mount Gambier,AU,2021-01-30 17:01:03,-37.8333,140.7667,55.4,88,5,6.91
244,Progreso,MX,2021-01-30 17:00:52,21.2833,-89.6667,80.01,50,1,8.05
245,Naze,JP,2021-01-30 17:01:03,28.3667,129.4833,51.26,67,0,8.75
246,Kaitangata,NZ,2021-01-30 17:01:03,-46.2817,169.8464,45.0,90,20,1.99
247,Encarnacion,PY,2021-01-30 17:01:03,-27.3333,-55.9,86.0,54,75,9.22
248,Mitha Tiwana,PK,2021-01-30 17:01:04,32.2486,72.1108,54.93,35,1,4.76
249,Beloha,MG,2021-01-30 17:01:04,-25.1667,45.05,81.7,61,55,5.97
250,Moyale,KE,2021-01-30 16:56:20,3.5167,39.0584,76.86,20,11,11.65
251,Kalmunai,LK,2021-01-30 16:56:25,7.4167,81.8167,77.7,84,77,6.44
252,Vredendal,ZA,2021-01-30 17:01:04,-31.6683,18.5012,70.09,62,0,19.53
253,Butaritari,KI,2021-01-30 17:01:04,3.0707,172.7902,80.69,78,94,17.05
254,Fort Nelson,CA,2021-01-30 17:01:04,58.8053,-122.7002,-25.6,75,40,1.12
255,Ponta Delgada,PT,2021-01-30 17:01:04,37.7333,-25.6667,64.99,94,75,14.97
256,Margate,GB,2021-01-30 16:59:18,51.3813,1.3862,39.99,90,100,4.0
257,Olinda,BR,2021-01-30 16:58:26,-8.0089,-34.8553,82.4,61,40,10.36
258,Olafsvik,IS,2021-01-30 17:01:05,64.8945,-23.7142,23.52,91,36,20.65
259,Bathsheba,BB,2021-01-30 17:01:05,13.2167,-59.5167,84.2,65,40,19.57
260,Baruni,IN,2021-01-30 17:01:05,25.4833,85.9833,51.26,51,0,6.76
261,Ciacova,RO,2021-01-30 17:01:05,45.5081,21.1286,46.4,93,0,6.91
262,Nikolskoye,RU,2021-01-30 17:01:05,59.7035,30.7861,28.4,93,75,11.18
263,Karratha,AU,2021-01-30 17:01:05,-20.7377,116.8463,85.17,55,89,13.8
264,Manakara,MG,2021-01-30 17:01:05,-22.1333,48.0167,79.81,80,11,9.37
265,Coruripe,BR,2021-01-30 17:01:06,-10.1256,-36.1756,84.76,62,89,12.84
266,Lindas,NO,2021-01-30 17:01:06,60.7381,5.16,30.99,93,75,1.14
267,Clyde River,CA,2021-01-30 17:01:06,70.4692,-68.5914,-20.2,76,1,5.91
268,Puerto Madryn,AR,2021-01-30 16:57:20,-42.7692,-65.0385,68.04,43,0,13.82
269,Wasilla,US,2021-01-30 17:01:06,61.5814,-149.4394,14.0,85,1,0.47
270,Zhezkazgan,KZ,2021-01-30 17:01:06,47.8043,67.7144,18.19,95,100,8.93
271,Nikko,JP,2021-01-30 17:01:06,36.75,139.6167,30.99,52,16,1.99
272,Guiberoua,CI,2021-01-30 17:01:07,6.2392,-6.1727,88.84,46,79,2.64
273,Tura,IN,2021-01-30 17:01:07,25.5198,90.2201,53.01,40,0,1.52
274,Los Andes,CL,2021-01-30 17:01:07,-32.8337,-70.5983,82.0,60,75,6.91
275,San Julian,MX,2021-01-30 17:01:07,21.0167,-102.1667,67.73,39,18,5.97
276,Kokopo,PG,2021-01-30 17:01:07,-4.352,152.2633,80.11,85,83,14.43
277,Port Macquarie,AU,2021-01-30 17:01:07,-31.4333,152.9167,70.0,99,29,8.63
278,Omsukchan,RU,2021-01-30 17:01:07,62.5333,155.8,-31.63,80,100,7.0
279,Luderitz,NA,2021-01-30 17:01:08,-26.6481,15.1594,73.74,47,0,28.3
280,Narva-Joesuu,EE,2021-01-30 16:59:11,59.4589,28.0408,25.38,97,100,9.08
281,Hambantota,LK,2021-01-30 17:01:08,6.1241,81.1185,78.17,83,90,11.77
282,Tunkas,MX,2021-01-30 17:01:08,20.9,-88.75,79.07,51,58,7.96
283,Aksarayskiy,RU,2021-01-30 17:01:08,46.7924,48.0119,33.8,93,90,8.95
284,Flin Flon,CA,2021-01-30 17:01:08,54.7682,-101.865,12.2,85,90,2.3
285,Rosetta,EG,2021-01-30 17:01:08,31.4044,30.4164,64.4,52,0,12.66
286,Chitral,PK,2021-01-30 17:01:08,35.8462,71.7858,34.97,56,8,4.79
287,Hammerfest,NO,2021-01-30 17:01:08,70.6634,23.6821,26.6,93,90,20.71
288,Kailua,US,2021-01-30 16:56:35,21.4022,-157.7394,73.4,73,20,13.8
289,Tevriz,RU,2021-01-30 17:01:09,57.509,72.4042,1.6,93,100,9.73
290,Cozumel,MX,2021-01-30 16:59:42,20.5083,-86.9458,79.0,69,75,5.75
291,Te Anau,NZ,2021-01-30 17:01:09,-45.4167,167.7167,43.03,86,54,1.59
292,Ouro Preto Do Oeste,BR,2021-01-30 17:01:09,-10.7481,-62.2158,81.55,85,60,3.65
293,Iqaluit,CA,2021-01-30 16:56:25,63.7506,-68.5145,-9.0,64,20,19.57
294,Voh,NC,2021-01-30 17:01:09,-20.9667,164.7,71.78,83,81,4.72
295,Brigantine,US,2021-01-30 17:01:10,39.4101,-74.3646,33.01,43,1,13.8
296,Corowa,AU,2021-01-30 16:57:02,-36.0333,146.3833,60.01,84,0,5.03
297,Mangai,CD,2021-01-30 17:01:10,-4.05,19.5333,75.43,90,100,3.71
298,Talaya,RU,2021-01-30 17:01:10,61.3833,152.75,-28.59,81,100,6.58
299,Puerto Ayacucho,VE,2021-01-30 17:01:11,5.6639,-67.6236,92.1,42,8,6.02
300,Bintulu,MY,2021-01-30 17:01:11,3.1667,113.0333,78.8,94,20,2.3
301,Bhor,IN,2021-01-30 17:01:11,18.1667,73.85,70.0,42,0,3.09
302,Bowen,AU,2021-01-30 17:01:12,-20.0167,148.2333,75.2,94,75,10.36
303,Ponta Do Sol,PT,2021-01-30 17:00:42,32.6667,-17.1,64.0,73,39,3.0
304,Athabasca,CA,2021-01-30 16:59:38,54.7169,-113.2854,-9.4,76,0,5.3
305,Chuy,UY,2021-01-30 17:01:12,-33.6971,-53.4616,84.74,48,7,11.48
306,Kyzyl-Suu,KG,2021-01-30 17:01:12,42.3414,78.0056,22.57,69,0,11.41
307,Soto La Marina,MX,2021-01-30 17:01:12,23.7667,-98.2167,79.0,67,3,14.0
308,Los Alamos,US,2021-01-30 17:01:13,35.8881,-106.307,37.0,55,40,8.05
309,Catamarca,AR,2021-01-30 16:57:50,-28.4696,-65.7852,72.0,81,59,1.01
310,Porto Velho,BR,2021-01-30 17:01:13,-8.7619,-63.9039,86.0,66,75,3.44
311,Nikolayevsk-Na-Amure,RU,2021-01-30 17:01:13,53.1406,140.73,-9.89,88,100,4.16
312,Wenling,CN,2021-01-30 17:01:13,28.3669,121.36,50.0,81,44,3.38
313,Aksarka,RU,2021-01-30 16:57:13,66.5606,67.7975,-21.77,85,100,10.2
314,Masumbwe,TZ,2021-01-30 17:01:13,-3.6333,32.1833,67.89,86,34,2.55
315,Sibolga,ID,2021-01-30 17:01:13,1.7427,98.7792,77.04,83,100,3.2
316,Vao,NC,2021-01-30 17:01:14,-22.6667,167.4833,75.99,80,59,19.3
317,Guerrero Negro,MX,2021-01-30 17:01:14,27.9769,-114.0611,61.14,54,0,12.1
318,Mattawa,US,2021-01-30 17:01:14,46.7379,-119.9028,41.0,93,20,1.3
319,Sinnamary,GF,2021-01-30 16:56:45,5.3833,-52.95,80.24,86,90,14.99
320,Rio Cuarto,AR,2021-01-30 17:00:18,-33.1307,-64.3499,60.8,94,90,20.71
321,Havelock,US,2021-01-30 16:57:42,34.8791,-76.9013,39.99,44,1,9.22
322,Faya,SA,2021-01-30 16:57:10,18.3851,42.4509,60.8,59,0,8.05
323,Quatre Cocos,MU,2021-01-30 17:01:14,-20.2078,57.7625,80.01,83,75,6.91
324,Gongzhuling,CN,2021-01-30 17:01:15,43.5008,124.8198,-6.72,88,34,5.37
325,Veraval,IN,2021-01-30 17:01:15,20.9,70.3667,69.33,52,0,4.99
326,Lander,US,2021-01-30 17:01:15,42.833,-108.7307,39.99,51,1,1.7
327,Chiredzi,ZW,2021-01-30 17:01:15,-21.05,31.6667,78.53,74,31,5.95
328,Abha,SA,2021-01-30 17:01:15,18.2164,42.5053,60.8,59,0,8.05
329,Dingle,PH,2021-01-30 17:01:15,10.9995,122.6711,71.74,90,99,10.31
330,Kolyvan,RU,2021-01-30 17:01:15,55.3053,82.7391,-14.8,70,0,6.71
331,Aksum,ET,2021-01-30 17:01:15,14.1245,38.7244,56.73,41,9,4.63
332,Kuching,MY,2021-01-30 17:01:15,1.55,110.3333,75.2,94,40,5.75
333,Cayenne,GF,2021-01-30 17:00:08,4.9333,-52.3333,80.6,89,75,9.22
334,Surt,LY,2021-01-30 17:01:16,31.2089,16.5887,65.88,53,0,1.63
335,Bismarck,US,2021-01-30 17:01:16,46.8083,-100.7837,24.8,86,90,5.75
336,Linguere,SN,2021-01-30 17:01:16,15.3953,-15.1193,98.6,13,0,4.61
337,Srivardhan,IN,2021-01-30 17:01:16,18.0333,73.0167,75.4,55,0,7.38
338,Vokhma,RU,2021-01-30 17:01:16,58.9303,46.7586,29.43,96,100,13.94
339,Korla,CN,2021-01-30 17:01:16,41.7597,86.1469,25.0,79,0,5.93
340,Asamankese,GH,2021-01-30 17:01:16,5.8601,-0.6635,86.0,70,20,12.66
341,Kaspiysk,RU,2021-01-30 17:01:16,42.8816,47.6392,39.2,93,90,4.47
342,Christchurch,NZ,2021-01-30 17:01:16,-43.5333,172.6333,55.99,93,5,5.75
343,Dukat,RU,2021-01-30 17:01:16,62.55,155.55,-34.31,81,100,5.7
344,Pisco,PE,2021-01-30 17:01:17,-13.7,-76.2167,77.0,73,0,9.22
345,Kudat,MY,2021-01-30 17:01:17,6.8837,116.8477,78.8,89,40,9.22
346,Shushtar,IR,2021-01-30 17:01:17,32.0455,48.8567,56.52,47,0,7.78
347,Cidreira,BR,2021-01-30 17:01:17,-30.1811,-50.2056,85.26,67,35,8.57
348,San Andres,CO,2021-01-30 17:01:17,12.5847,-81.7006,84.2,65,20,14.97
349,Saint-Joseph,RE,2021-01-30 17:01:17,-21.3667,55.6167,80.6,69,0,4.61
350,Gravdal,NO,2021-01-30 17:01:17,68.1214,13.5031,26.55,88,1,6.17
351,Namibe,AO,2021-01-30 17:01:17,-15.1961,12.1522,75.81,71,88,12.17
352,Doka,SD,2021-01-30 17:01:18,13.5167,35.7667,82.44,25,0,11.32
353,Northam,GB,2021-01-30 17:01:18,51.0333,-4.2167,44.01,92,100,17.0
354,Rawson,AR,2021-01-30 17:01:18,-43.3002,-65.1023,66.22,40,0,15.64
355,Lambarene,GA,2021-01-30 17:01:18,-0.7001,10.2406,79.86,86,47,2.13
356,Formby,GB,2021-01-30 17:01:18,53.5536,-3.0682,39.2,70,20,19.57
357,Najran,SA,2021-01-30 17:01:18,17.4924,44.1277,75.2,23,0,6.91
358,Sao Felix Do Xingu,BR,2021-01-30 17:00:37,-6.6447,-51.995,89.2,52,92,4.27
359,Esperance,AU,2021-01-30 17:01:18,-33.8667,121.9,60.8,77,0,10.36
360,Warman,CA,2021-01-30 17:01:18,52.3168,-106.5679,10.4,85,90,8.05
361,Phibun Mangsahan,TH,2021-01-30 17:01:18,15.2447,105.2291,71.6,64,70,8.05
362,Saldanha,ZA,2021-01-30 17:01:19,-33.0117,17.9442,67.3,81,0,13.49
363,Alihe,CN,2021-01-30 17:01:19,50.5667,123.7167,-23.33,81,48,1.07
364,Maragogi,BR,2021-01-30 17:01:19,-9.0122,-35.2225,83.75,66,92,11.07
365,Kavieng,PG,2021-01-30 17:01:19,-2.5744,150.7967,82.31,77,41,14.34
366,Tsilna,RU,2021-01-30 17:01:19,54.5953,48.1414,30.2,100,90,13.42
367,Nishihara,JP,2021-01-30 17:01:19,26.1842,127.7558,59.0,50,40,4.61
368,Socorro,US,2021-01-30 16:59:13,31.6546,-106.3033,50.0,31,40,17.27
369,Krasnyy Yar,RU,2021-01-30 17:01:19,46.5331,48.3456,33.8,93,90,8.95
370,Amapa,BR,2021-01-30 17:01:19,1.0,-52.0,80.13,90,88,4.52
371,Konstantinovka,RU,2021-01-30 17:01:20,49.6167,127.9833,-27.76,82,38,2.59
372,Vanavara,RU,2021-01-30 17:01:20,60.34,102.2797,-41.78,79,3,4.41
373,Romitan,UZ,2021-01-30 17:01:20,39.9343,64.3814,55.4,33,40,2.3
374,Gizo,SB,2021-01-30 17:01:20,-8.103,156.8419,83.68,78,71,18.86
375,Tautira,PF,2021-01-30 17:01:20,-17.7333,-149.15,78.8,69,75,5.75
376,Paraguacu Paulista,BR,2021-01-30 17:01:20,-22.4128,-50.5758,82.9,66,70,5.93
377,Ciudad Guayana,VE,2021-01-30 17:01:20,8.3533,-62.6528,82.99,74,54,5.99
378,Warwick,US,2021-01-30 17:01:20,41.7001,-71.4162,21.0,49,1,13.8
379,Tarata,BO,2021-01-30 17:01:21,-17.6167,-66.0167,72.77,33,5,3.87
380,Bereda,ES,2021-01-30 16:56:44,43.2686,-7.5406,48.0,93,88,14.0
381,Kilifi,KE,2021-01-30 17:01:21,-3.6305,39.8499,82.4,69,20,16.11
382,Vakhrushev,RU,2021-01-30 17:01:21,48.9833,142.9667,2.25,90,100,3.04
383,Rockland,US,2021-01-30 17:01:21,41.1668,-74.0496,26.01,49,0,1.99
384,Yucca Valley,US,2021-01-30 17:01:21,34.1142,-116.4322,45.0,72,15,1.01
385,Tari,NG,2021-01-30 17:01:21,12.4086,4.4914,90.01,12,15,8.01
386,Santiago Del Estero,AR,2021-01-30 17:00:13,-27.7951,-64.2615,96.84,39,7,9.86
387,Mogadishu,SO,2021-01-30 16:59:04,2.0371,45.3438,76.89,76,22,22.1
388,Ixtapa,MX,2021-01-30 16:56:30,20.7,-105.2,71.6,73,1,3.44
389,Xacmaz,AZ,2021-01-30 17:01:22,41.4635,48.806,41.4,91,100,5.37
390,Norton,ZW,2021-01-30 17:01:22,-17.8833,30.7,70.0,81,96,2.08
391,Mayo,US,2021-01-30 17:01:22,38.8876,-76.5119,35.01,47,1,10.36
392,Sabang,ID,2021-01-30 17:01:22,5.8933,95.3214,81.5,73,68,17.38
393,Kamina,CD,2021-01-30 17:01:22,-8.7386,24.9906,69.84,92,59,3.24
394,Tateyama,JP,2021-01-30 17:01:22,34.9833,139.8667,44.6,65,20,16.11
395,Southbridge,US,2021-01-30 17:01:22,42.0751,-72.0334,18.0,29,0,4.0
396,Skeldon,GY,2021-01-30 17:01:22,5.8833,-57.1333,78.12,91,93,7.58
397,Altay,CN,2021-01-30 17:01:23,47.8667,88.1167,6.73,78,0,3.18
398,Port Blair,IN,2021-01-30 17:01:23,11.6667,92.75,79.68,80,1,8.14
399,Sierning,AT,2021-01-30 17:01:23,48.0436,14.3082,43.0,75,75,12.66
400,Cherskiy,RU,2021-01-30 17:01:23,68.75,161.3,-35.07,83,5,3.8
401,Pangai,TO,2021-01-30 17:01:23,-19.8,-174.35,80.76,78,100,11.97
402,Tanete,ID,2021-01-30 17:01:23,-3.9443,119.7848,77.04,83,100,6.33
403,Ravar,IR,2021-01-30 17:01:23,31.2656,56.8055,61.18,34,2,22.08
404,Constitucion,CL,2021-01-30 17:01:23,-35.3333,-72.4167,63.54,88,90,2.21
405,Peniche,PT,2021-01-30 17:01:23,39.3558,-9.3811,57.99,72,69,14.0
406,Along,IN,2021-01-30 17:01:23,28.1667,94.7667,49.48,82,85,2.48
407,Pacific Grove,US,2021-01-30 17:01:23,36.6177,-121.9166,50.0,71,90,5.26
408,Carballo,ES,2021-01-30 17:01:24,43.213,-8.691,52.0,81,95,15.01
409,Tazovskiy,RU,2021-01-30 17:01:24,67.4667,78.7,-33.41,82,82,8.46
410,Stykkisholmur,IS,2021-01-30 17:01:24,65.0757,-22.7297,18.59,90,33,12.3
411,Koslan,RU,2021-01-30 17:01:24,63.4564,48.8989,23.38,97,100,8.08
412,San Vicente,AR,2021-01-30 16:56:46,-26.6167,-54.1333,68.9,100,99,5.48
413,Glenwood Springs,US,2021-01-30 16:57:14,39.5505,-107.3248,34.0,86,90,6.31
414,Longyan,CN,2021-01-30 17:01:24,25.1072,117.0225,54.0,63,1,3.0
415,Charlestown,AU,2021-01-30 17:01:24,-32.95,151.6667,70.0,97,42,2.28
416,Acapulco,MX,2021-01-30 17:01:24,16.8634,-99.8901,82.4,57,75,5.75
417,Le Port,RE,2021-01-30 17:01:24,-20.9373,55.2919,80.6,65,40,12.66
418,Ahar,IR,2021-01-30 17:01:24,38.4774,47.0699,31.39,87,64,10.33
419,Maraa,BR,2021-01-30 17:01:25,-1.8333,-65.3667,89.56,54,53,5.55
420,Labuhan,ID,2021-01-30 16:56:51,-6.8844,112.2051,77.49,85,100,6.82
421,Lincoln,US,2021-01-30 17:00:21,40.8,-96.667,39.0,88,100,4.0
422,Edinet,MD,2021-01-30 17:01:25,48.1681,27.305,36.0,79,40,6.67
423,Point Pedro,LK,2021-01-30 17:01:25,9.8167,80.2333,78.57,80,35,13.49
424,Bulancak,TR,2021-01-30 17:01:25,40.9372,38.2291,46.4,61,0,2.3
425,Zlatica,ME,2021-01-30 17:01:25,43.1146,19.2668,26.42,96,71,6.69
426,Coihaique,CL,2021-01-30 17:01:25,-45.5752,-72.0662,64.4,45,0,9.22
427,Kruisfontein,ZA,2021-01-30 17:01:25,-34.0033,24.7314,72.0,68,0,7.0
428,Saint George,US,2021-01-30 17:01:25,37.1041,-113.5841,37.99,93,1,1.95
429,Ardakan,IR,2021-01-30 17:01:25,32.31,54.0175,59.0,31,20,11.5
430,Ulety,RU,2021-01-30 17:01:26,51.3572,112.4849,-12.48,87,100,2.89
431,Nome,US,2021-01-30 17:01:26,64.5011,-165.4064,-9.4,64,1,14.97
432,Port Hardy,CA,2021-01-30 17:00:07,50.6996,-127.4199,41.0,100,75,4.61
433,Salta,AR,2021-01-30 17:00:31,-24.7859,-65.4117,86.0,45,20,5.17
434,Raduzhnyy,RU,2021-01-30 17:01:26,62.0961,77.475,-23.71,84,100,9.64
435,Mabaruma,GY,2021-01-30 17:01:26,8.2,-59.7833,76.89,95,67,6.04
436,Bahia Blanca,AR,2021-01-30 17:01:26,-38.7196,-62.2724,75.85,22,100,18.21
437,Bud,US,2021-01-30 17:01:27,39.447,-86.1758,33.01,69,100,12.26
438,Faanui,PF,2021-01-30 17:01:27,-16.4833,-151.75,80.44,69,70,1.86
439,Sisimiut,GL,2021-01-30 17:01:27,66.9395,-53.6735,8.51,92,76,8.19
440,Katsuura,JP,2021-01-30 16:56:41,35.1333,140.3,44.6,65,20,16.11
441,Westerland,DE,2021-01-30 17:01:27,54.9079,8.3033,30.2,80,0,5.75
442,Makakilo City,US,2021-01-30 17:01:27,21.3469,-158.0858,71.6,83,75,4.61
443,Penzance,GB,2021-01-30 17:01:27,50.1186,-5.5371,51.8,100,75,12.66
444,Iskateley,RU,2021-01-30 17:01:27,67.6803,53.1512,2.32,93,100,14.54
445,Assai,BR,2021-01-30 16:59:56,-23.3733,-50.8414,75.2,88,75,8.05
446,Palaikastron,GR,2021-01-30 17:01:28,35.2,26.25,62.01,76,6,14.9
447,Bonavista,CA,2021-01-30 17:01:28,48.6499,-53.1147,30.0,86,97,6.91
448,Lithgow,AU,2021-01-30 17:01:28,-33.4833,150.15,69.01,95,5,2.28
449,Mazagao,BR,2021-01-30 17:01:28,-0.115,-51.2894,80.6,89,75,3.44
450,Namwala,ZM,2021-01-30 17:01:28,-15.7504,26.4384,71.74,83,50,0.4
451,Wau,SS,2021-01-30 17:01:28,7.7029,27.9953,78.89,17,45,0.74
452,Kieta,PG,2021-01-30 17:01:28,-6.2167,155.6333,81.48,80,88,14.12
453,Kloulklubed,PW,2021-01-30 17:01:28,7.0419,134.2556,78.8,78,75,6.91
454,Habiganj,BD,2021-01-30 17:01:28,24.3833,91.4167,60.49,41,0,4.76
455,Dongsheng,CN,2021-01-30 16:56:37,39.8161,109.9776,21.25,77,0,14.92
456,Skibbereen,IE,2021-01-30 17:01:28,51.55,-9.2667,42.8,81,75,13.8
457,Sao Jose Da Coroa Grande,BR,2021-01-30 17:01:28,-8.8978,-35.1478,83.46,66,93,10.65
458,Decatur,US,2021-01-30 17:01:21,39.8403,-88.9548,36.0,75,90,20.71
459,Mankono,CI,2021-01-30 17:01:29,8.0586,-6.1897,98.19,21,10,3.85
460,Bairiki,KI,2021-01-30 17:01:29,1.3292,172.9752,78.8,83,40,12.66
461,Zhovtneve,UA,2021-01-30 17:01:29,50.6637,24.2492,25.5,98,100,16.08
462,Grimshaw,CA,2021-01-30 17:01:29,56.1834,-117.6027,-2.2,78,20,6.91
463,Valdez,EC,2021-01-30 17:01:29,1.2492,-78.9831,80.53,78,34,5.06
464,Salinopolis,BR,2021-01-30 17:01:29,-0.6136,-47.3561,81.09,85,95,13.24
465,Uspenka,UA,2021-01-30 17:01:29,48.3903,39.1619,39.18,84,100,11.01
466,Savannakhet,LA,2021-01-30 17:01:29,16.566,104.751,67.03,75,55,9.4
467,Havre-Saint-Pierre,CA,2021-01-30 17:01:30,50.2334,-63.5986,17.6,57,20,10.36
468,Saint-Philippe,RE,2021-01-30 17:01:30,-21.3585,55.7679,80.6,69,0,4.61
469,Laohekou,CN,2021-01-30 17:01:30,32.3858,111.6678,46.71,53,27,0.56
470,Simao,CN,2021-01-30 17:01:30,22.7886,100.9748,52.65,94,0,2.86
471,Gabu,GW,2021-01-30 17:01:30,12.2833,-14.2167,102.88,7,0,4.56
472,Nyurba,RU,2021-01-30 17:01:30,63.2842,118.3319,-37.52,81,100,2.89
473,Yeppoon,AU,2021-01-30 17:01:30,-23.1333,150.7333,75.2,78,21,8.05
474,Brae,GB,2021-01-30 17:01:30,60.3964,-1.353,35.6,87,40,11.5
475,Bratsk,RU,2021-01-30 17:01:30,56.1325,101.6142,-32.8,75,91,11.18
476,Ajaccio,FR,2021-01-30 17:01:31,42.0,8.9167,57.2,82,90,6.91
477,Laela,TZ,2021-01-30 17:01:31,-8.5667,32.05,64.08,89,88,0.85
478,Denpasar,ID,2021-01-30 17:00:01,-8.65,115.2167,78.8,83,40,19.57
479,Anadyr,RU,2021-01-30 17:01:31,64.75,177.4833,-7.6,59,0,8.95
480,Balatonlelle,HU,2021-01-30 17:01:31,46.7832,17.695,48.0,87,100,2.91
481,Dicabisagan,PH,2021-01-30 17:01:31,17.0818,122.4157,70.12,80,98,10.29
482,San Quintin,MX,2021-01-30 17:01:31,30.4833,-115.95,57.83,55,3,4.07
483,Padang,ID,2021-01-30 17:01:31,-0.9492,100.3543,78.13,72,100,4.92
484,Campeche,MX,2021-01-30 17:01:31,19.0,-90.5,79.99,47,40,4.92
485,Roald,NO,2021-01-30 17:01:14,62.5833,6.1333,33.8,75,40,8.05
486,Ilulissat,GL,2021-01-30 17:01:31,69.2167,-51.1,3.2,60,40,8.05
487,Bobo Dioulasso,BF,2021-01-30 17:01:32,11.1771,-4.2979,95.0,16,0,6.91
488,Talnakh,RU,2021-01-30 17:01:32,69.4865,88.3972,-30.91,71,0,5.64
489,Vestmannaeyjar,IS,2021-01-30 17:01:32,63.4427,-20.2734,33.8,75,75,9.22
490,Lady Frere,ZA,2021-01-30 17:01:32,-31.7031,27.2329,67.59,82,24,10.16
491,Gravelbourg,CA,2021-01-30 17:01:32,49.8834,-106.5512,3.2,85,23,4.61
492,Thinadhoo,MV,2021-01-30 17:01:32,0.5333,72.9333,82.02,78,100,16.26
493,Martapura,ID,2021-01-30 17:01:32,-3.4167,114.85,78.8,94,75,0.94
494,Monywa,MM,2021-01-30 17:01:33,22.1167,95.1333,69.55,45,23,3.09
495,Brownsville,US,2021-01-30 16:58:53,25.9018,-97.4975,75.99,69,75,21.85
496,Xichang,CN,2021-01-30 17:01:33,27.8964,102.2634,43.92,64,59,3.31
497,Sakakah,SA,2021-01-30 17:01:33,29.9697,40.2064,53.6,32,0,5.19
498,Aklavik,CA,2021-01-30 17:01:33,68.2191,-135.0107,-22.0,69,75,2.3
499,Harper,LR,2021-01-30 17:01:33,4.375,-7.7169,81.84,78,54,9.35
500,Raymond,US,2021-01-30 17:01:33,43.9015,-70.4703,16.0,52,57,3.0
501,Morogoro,TZ,2021-01-30 17:01:33,-6.8167,37.6667,73.62,88,73,3.71
502,Iisaku,EE,2021-01-30 16:59:11,59.1014,27.3081,24.42,98,99,8.79
503,Bombay,IN,2021-01-30 16:59:40,19.0144,72.8479,78.8,38,0,8.84
504,Smidovich,RU,2021-01-30 17:01:33,48.6,133.8167,-16.01,86,41,7.49
505,Nokha,IN,2021-01-30 17:01:34,27.6,73.4167,53.76,34,0,3.91
506,Changji,CN,2021-01-30 17:01:34,44.0167,87.3167,3.2,92,90,0.38
507,Nemuro,JP,2021-01-30 17:01:34,43.3236,145.575,22.05,92,100,15.75
508,Barsi,IN,2021-01-30 17:01:34,18.2333,75.7,76.71,35,0,11.92
509,Ulladulla,AU,2021-01-30 17:01:34,-35.35,150.4667,68.0,100,90,12.66
510,Bengkulu,ID,2021-01-30 17:01:34,-3.8004,102.2655,75.81,88,100,6.93
511,Almaznyy,RU,2021-01-30 17:01:34,48.0448,40.045,41.0,81,40,8.95
512,Sterling,US,2021-01-30 17:01:11,39.0062,-77.4286,34.0,40,1,6.91
513,Drayton Valley,CA,2021-01-30 17:01:34,53.2168,-114.9854,11.21,93,0,2.73
514,Snezhnogorsk,RU,2021-01-30 17:01:34,69.1933,33.2531,17.6,86,40,6.71
515,Thap Than,TH,2021-01-30 17:01:35,15.4606,99.8917,75.99,79,0,2.46
516,Dangriga,BZ,2021-01-30 17:01:35,16.9692,-88.2321,79.0,94,75,3.44
517,Shubarshi,KZ,2021-01-30 17:01:35,48.5872,57.1869,17.94,95,65,5.37
518,Calbuco,CL,2021-01-30 17:01:35,-41.768,-73.1273,64.4,59,20,9.22
519,Aswan,EG,2021-01-30 16:58:23,24.0934,32.907,61.88,31,0,10.07
520,Itarema,BR,2021-01-30 17:01:35,-2.9248,-39.9167,86.94,60,78,18.1
521,Mporokoso,ZM,2021-01-30 17:01:35,-9.3727,30.125,65.55,91,97,1.16
522,Tabou,CI,2021-01-30 17:01:35,4.423,-7.3528,81.05,82,45,8.9
523,Cabedelo,BR,2021-01-30 16:58:11,-6.9811,-34.8339,89.6,55,40,14.97
524,Virginia Beach,US,2021-01-30 16:56:42,36.8529,-75.978,36.0,44,20,10.36
525,Umm Kaddadah,SD,2021-01-30 17:01:36,13.6017,26.6876,70.11,21,0,13.0
526,Boyolangu,ID,2021-01-30 17:01:36,-8.1181,111.8935,74.75,88,100,4.43
527,Gunjur,GM,2021-01-30 17:01:36,13.2019,-16.7339,98.6,19,0,4.61
528,Filadelfia,US,2021-01-30 16:59:54,39.9523,-75.1638,30.99,40,1,13.8
529,Geraldton,AU,2021-01-30 16:58:39,-28.7667,114.6,82.4,39,0,11.5
530,Takoradi,GH,2021-01-30 17:01:36,4.8845,-1.7554,83.17,73,6,10.13
531,Svetlogorsk,BY,2021-01-30 17:01:36,52.6333,29.7333,23.02,98,100,3.98
532,Lugovoy,KZ,2021-01-30 17:01:37,42.9472,72.7644,34.16,70,83,6.64
533,Chernyshevskiy,RU,2021-01-30 17:01:37,63.0128,112.4714,-34.37,84,100,4.52
534,Morgan City,US,2021-01-30 17:01:37,29.6994,-91.2068,69.01,82,90,10.36
535,La Tuque,CA,2021-01-30 17:01:37,47.4334,-72.7824,3.2,60,34,6.91
536,Lhokseumawe,ID,2021-01-30 17:01:37,5.1801,97.1507,76.71,84,41,4.36
537,Solnechnyy,RU,2021-01-30 17:01:37,50.7214,136.6319,-7.08,89,100,2.42
538,Jurm,AF,2021-01-30 17:01:37,36.8648,70.8342,36.12,61,99,6.4
539,Sawtell,AU,2021-01-30 17:01:37,-30.3833,153.1,73.4,83,75,9.22
540,Hinton,CA,2021-01-30 17:00:29,53.4001,-117.5857,5.0,85,28,3.44
541,Angoche,MZ,2021-01-30 17:01:38,-16.2325,39.9086,81.0,80,99,9.28
542,Cedar City,US,2021-01-30 17:01:38,37.6775,-113.0619,24.8,74,1,2.8
543,Bondo,CD,2021-01-30 17:01:38,3.8146,23.6866,82.9,23,36,2.37
544,Nelson Bay,AU,2021-01-30 16:58:35,-32.7167,152.15,70.0,100,9,9.48
545,Eyl,SO,2021-01-30 16:59:18,7.9803,49.8164,73.94,76,19,17.09
546,Broken Hill,AU,2021-01-30 17:01:39,-31.95,141.4333,71.6,40,81,12.66
547,Half Moon Bay,US,2021-01-30 17:01:39,37.4636,-122.4286,50.0,87,90,6.11
548,Igrim,RU,2021-01-30 17:01:39,63.1906,64.4162,-12.78,89,100,6.62
549,Halifax,CA,2021-01-30 16:57:21,44.6453,-63.5724,24.01,74,100,10.36
550,Pangody,RU,2021-01-30 17:01:39,65.85,74.4859,-26.18,83,100,15.19
551,Kavaratti,IN,2021-01-30 17:01:39,10.5669,72.642,81.41,69,65,7.29
552,Mareeba,AU,2021-01-30 17:01:39,-17.0,145.4333,75.2,83,100,1.72
553,Bowling Green,US,2021-01-30 17:00:03,36.9903,-86.4436,46.0,49,90,6.91
554,Todos Santos,MX,2021-01-30 17:01:40,23.45,-110.2167,68.0,83,2,4.0
555,Lamar,US,2021-01-30 17:00:37,33.6668,-95.5836,55.0,100,90,18.41
556,Tragana,GR,2021-01-30 17:01:40,38.6167,23.1167,57.99,57,3,2.91
557,San Jose,US,2021-01-30 16:57:30,37.3394,-121.895,46.99,81,75,3.76
558,Tucuma,BR,2021-01-30 17:01:40,-0.1833,-50.05,82.85,80,90,9.89
559,Surgut,RU,2021-01-30 17:01:40,61.25,73.4167,-23.8,69,20,13.42
560,Yumen,CN,2021-01-30 16:57:05,40.2833,97.2,24.51,73,0,24.2
561,Falakata,IN,2021-01-30 17:01:40,26.5208,89.2055,58.05,40,0,3.56
562,Gushikawa,JP,2021-01-30 17:01:41,26.3544,127.8686,59.0,81,1,5.75
563,Saquena,PE,2021-01-30 17:01:41,-4.6667,-73.5167,81.9,89,89,2.33
564,Coari,BR,2021-01-30 17:01:41,-4.085,-63.1414,83.97,81,84,4.97
565,Tromso,NO,2021-01-30 16:56:45,69.6496,18.957,19.0,79,0,4.56
566,Nadym,RU,2021-01-30 17:01:41,65.5333,72.5167,-23.78,84,100,19.19
567,Benguela,AO,2021-01-30 17:01:41,-12.5763,13.4055,79.34,74,83,7.99
568,Praia,CV,2021-01-30 17:01:41,14.9215,-23.5087,80.6,44,0,18.41
569,Inhambane,MZ,2021-01-30 17:01:41,-23.865,35.3833,86.0,74,40,9.22
570,Tchollire,CM,2021-01-30 17:01:41,8.4022,14.1698,88.41,13,58,2.84
571,Hurghada,EG,2021-01-30 17:00:02,27.2574,33.8129,66.2,39,0,3.49
572,Panzhihua,CN,2021-01-30 17:01:41,26.5851,101.7128,52.05,54,0,1.54
573,Shetpe,KZ,2021-01-30 17:01:41,44.1667,52.1167,34.92,86,100,8.79
574,Itagiba,BR,2021-01-30 17:01:42,-14.2836,-39.8428,86.4,49,51,3.56
575,Itapetinga,BR,2021-01-30 17:01:42,-15.2489,-40.2478,83.07,58,93,5.86
576,Darnah,LY,2021-01-30 17:01:42,32.767,22.6367,63.19,68,0,16.28
577,Necochea,AR,2021-01-30 17:01:42,-38.5473,-58.7368,64.99,48,100,8.01
578,North Platte,US,2021-01-30 17:01:42,41.1239,-100.7654,26.6,80,90,10.36
